{
  "project_info": {
    "project_number": "1046440564416",
    "project_id": "loc-based-reminder-app-c8031",
    "storage_bucket": "loc-based-reminder-app-c8031.firebasestorage.app"
  },
  "client": [
    {
      "client_info": {
        "mobilesdk_app_id": "1:1046440564416:android:00f4e8a9b2847aa59e3f25",
        "android_client_info": {
          "package_name": "com.example.loc_based_reminder_app"
        }
      },
      "oauth_client": [],
      "api_key": [
        {
          "current_key": "AIzaSyAgpeyrmxbWuj2JmnWDNETE02al8muqz_U"
        }
      ],
      "services": {
        "appinvite_service": {
          "other_platform_oauth_client": []
        }
      }
    }
  ],
  "configuration_version": "1"
}